,city,station,category,avg,std,skew,n,min,max99,True_max,median,mode,AAOMM,AAO70,95Q,ACDO70,ACDOMM,Urange,Delta,RHavgOverall,Pcau,POcau,Pexcau,POexcau,Pdan,POdan,Pexdan
0,0,0,0,0.0,0.0,0.0,0,0.0,0.0,0.0,0.0,0.0,0.0,0.0,0.0,0.0,0.0,0.0,0.0,0.0,0.0,0.0,0.0,0.0,0.0,0.0,0.0
1,"Albuquerque, NM",AIA LCD,HImin,45.65364202600958,15.23916224884644,0.0544479156221053,7305,-6.0,13.387096774193548,76.81600000000002,43.43000000000001,30.0,0.0,9.8,23.0,2.0925,0.0,51.65364202600958,32.26654525181603,41.06111409251905,0.0,0.0,0.0,0.0,0.0,0.0,0.0
2,"Amarillo, TX",AAS LCD,HImin,43.1855300479124,17.42052959358486,-0.129820038454981,7305,-15.0,0.5135135135135135,76.421,41.71,30.0,0.0,8.55,16.0,2.411666666666666,0.0,58.1855300479124,42.67201653439888,60.72623886264911,0.0,0.0,0.0,0.0,0.0,0.0,0.0
3,"Atlanta, GA",AHJ LCD,HImin,54.11182448895278,15.782629598388048,-0.2626217793960174,7305,0.0,17.40449438202247,87.59790833999998,55.671000000000014,36.0,0.0,75.8,29.0,9.326254856254858,0.0,54.11182448895278,36.70733010693031,69.61827501029231,0.0031485284052019,0.0031485284052019,0.0,0.0,0.0,0.0,0.0
4,"Augusta, ME",ASA LCD,HImin,37.33645448323067,18.10932082017388,-0.2827930004912615,7305,-16.0,-7.761904761904762,78.536,38.0,30.0,0.0,1.9,6.0,0.7833333333333333,0.0,53.33645448323067,45.09835924513543,75.7900276682663,0.0,0.0,0.0,0.0,0.0,0.0,0.0
5,"Austin, TX",ABI LCD,HImin,56.90505860364682,16.321230846819812,-0.3714301877821925,7305,0.0,20.37037037037037,86.24035206000012,60.071000000000005,74.41800000000002,0.0,106.6,30.0,9.97933909657594,0.0,56.90505860364682,36.534688233276455,72.67735359075796,0.0167008898015058,0.0167008898015058,0.0,0.0,0.0,0.0,0.0
6,"Bakersfield, CA",BAS LCD,HImin,53.93016077226999,12.860269883858072,0.1989434294872776,7304,0.0,28.234567901234566,87.22770958000018,52.48400000000001,37.0,0.0,47.6,36.0,5.93467032967033,0.0,53.93016077226999,25.695592871035423,52.28941510644981,0.0146495071193866,0.0146495071193866,0.0,0.0,0.0,0.0,0.0
7,"Baltiore, MD",MSC LCD,HImin,51.5469616086447,17.5199263171951,-0.0216293955493245,7253,0.0,12.372093023255816,96.5681896399999,50.5,36.0,0.55,70.45,25.0,7.540752164502164,0.3,51.5469616086447,39.174868585388886,59.74228205780936,0.023990073073211,0.0249551909554667,0.0009651178822556,0.0009651178822556,0.0,0.0,0.0
8,"Birmingham, AL",BHA LCD,HImin,54.07585310143464,16.50330841369719,-0.2934653650790303,7305,0.0,15.743589743589745,86.82201804000003,55.85900000000001,37.0,0.0,81.3,27.0,9.214292513042514,0.0,54.07585310143464,38.332263357844894,71.6783465113053,0.006570841889117,0.006570841889117,0.0,0.0,0.0,0.0,0.0
9,"Boise, ID",BAT LCD,HImin,41.75470650239562,14.28952556644188,0.0647533698822379,7305,-9.0,4.9125,78.52700000000002,39.312,30.0,0.0,5.45,20.0,1.925,0.0,50.75470650239562,36.84220650239562,56.42979155626215,0.0,0.0,0.0,0.0,0.0,0.0,0.0
10,"Boston, MA",BMA LCD,HImin,44.61231608075291,16.80540084771693,-0.1111250691330479,7305,-9.0,3.1724137931034484,87.59790833999998,43.562000000000005,36.0,0.0,17.5,17.0,3.3295833333333333,0.0,53.61231608075291,41.43990228764946,69.4328062345665,0.0021902806297056,0.0021902806297056,0.0,0.0,0.0,0.0,0.0
11,"Bryce Canyon, UT",BCA LCD,HImin,25.529385142074634,15.461528581136184,-0.4701753185211653,5842,-29.0,-17.915254237288135,58.12500000000001,27.0,28.0,0.0,0.0,-3.0,0.0,0.0,54.52938514207463,43.44463937936277,62.41914294296677,0.0,0.0,0.0,0.0,0.0,0.0,0.0
12,"Buffalo, NY",BNI LCD,HImin,41.05086827780151,17.75402193444885,-0.1575349290393723,7305,-12.0,-2.0,82.5797693399999,39.331,30.0,0.0,10.9,11.0,2.4166666666666665,0.0,53.05086827780151,43.05086827780151,74.4608318412961,0.0001368925393566,0.0001368925393566,0.0,0.0,0.0,0.0,0.0
13,"Casper, WY",CNA LCD,HImin,32.07975318275154,15.976296712072177,-0.458336074479497,7305,-30.0,-17.15,72.46300000000001,33.0,30.0,0.0,0.15,4.0,0.0,0.0,62.07975318275154,49.22975318275154,59.700869287419714,0.0,0.0,0.0,0.0,0.0,0.0,0.0
14,"Cavern City, NM",CCA LCD,HImin,49.05437983613867,16.19582084931393,-0.2268215929167505,7298,-116.0,12.679012345679013,80.34932830000014,48.3475,36.0,0.0,32.55,24.0,4.378953823953824,0.0,165.05437983613868,36.37536749045966,49.04625017421243,0.000274047684297,0.000274047684297,0.0,0.0,0.0,0.0,0.0
15,"Charlotte, NC",CDA LCD,HImin,50.99885499093498,16.241949422849828,-0.1685185242176413,7305,0.0,14.733333333333333,83.07507340000012,51.478,32.0,0.0,52.9,25.0,5.595027056277056,0.0,50.99885499093498,36.265521657601646,68.85647395101306,0.0008213552361396,0.0008213552361396,0.0,0.0,0.0,0.0,0.0
16,"Chicago, IL",COI LCD,HImin,41.96061485636688,19.019251157965822,-0.2161918924048045,7305,-23.0,-5.647058823529412,89.50029189999995,40.572,30.0,0.05,19.1,9.0,2.987083333333333,0.0,64.96061485636687,47.60767367989629,71.09974527639382,0.002053388090349,0.002053388090349,0.0,0.0,0.0,0.0,0.0
17,"Cincinnati, OH",CMA LCD,HImin,44.58910349075976,17.319522426972203,-0.163942538291778,7305,-14.0,1.036144578313253,78.81800000000001,43.900000000000006,30.0,0.0,20.3,17.0,3.5142857142857147,0.0,58.58910349075976,43.552958912446506,78.39733784069301,0.0,0.0,0.0,0.0,0.0,0.0,0.0
18,"Cleveland, OH",CHA LCD,HImin,43.38331421181657,17.79441117550163,-0.1771341832888084,7305,-13.0,-1.0804597701149423,80.34504923999998,42.28300000000001,37.0,0.0,17.45,14.0,3.013968253968254,0.0,56.38331421181657,44.46377398193151,72.15655838036331,0.0005475701574264,0.0005475701574264,0.0,0.0,0.0,0.0,0.0
19,"Colorado Springs, CO",CSA LCD,HImin,36.70348254620123,15.688775900902003,-0.194623070372233,7305,-15.0,-3.3369565217391304,69.21000000000001,37.0,28.0,0.0,0.0,11.0,0.0,0.0,51.70348254620123,40.04043906794036,53.67033305871527,0.0,0.0,0.0,0.0,0.0,0.0,0.0
20,"Columbus, OH",JGA LCD,HImin,44.854073123833,17.974732988540442,-0.2153501071741971,7305,-11.0,-0.1954022988505747,80.2761696000001,44.342,30.0,0.0,24.65,15.0,3.6431547619047615,0.0,55.854073123833,45.04947542268357,71.33817300384133,0.0001368925393566,0.0001368925393566,0.0,0.0,0.0,0.0,0.0
21,"Corpus Christi, TX",CCI LCD,HImin,64.36989139349213,14.172716908760652,-0.5780638586637389,7305,0.0,30.012048192771083,94.20884634000028,68.44800000000001,76.61800000000001,1.1,159.75,38.372,14.461680749805751,0.225,64.36989139349213,34.35784320072104,76.98365622323838,0.0889801505817932,0.0907597535934291,0.0017796030116358,0.0017796030116358,0.0,0.0,0.0
22,"Corpus Christi, TX",CCI LCD,HImin,64.36989139349213,14.172716908760652,-0.5780638586637389,7305,0.0,30.012048192771083,94.20884634000028,68.44800000000001,76.61800000000001,1.1,159.75,38.372,14.461680749805751,0.225,64.36989139349213,34.35784320072104,76.98365622323838,0.0889801505817932,0.0907597535934291,0.0017796030116358,0.0017796030116358,0.0,0.0,0.0
23,"Dallas, TX",DFA LCD,HImin,58.70626110654347,17.471767618606567,-0.161800212461438,7305,0.0,20.469135802469136,91.95925407999997,60.18400000000001,37.0,0.6,117.65,32.0,15.989016955266957,0.2,58.70626110654347,38.23712530407434,64.18658339593368,0.1275838466803559,0.1284052019164955,0.0008213552361396,0.0008213552361396,0.0,0.0,0.0
24,"Denver, CO",DIA LCD,HImin,37.48449927953891,16.445351157702397,-0.2119560892262663,6940,-18.0,-6.5875,72.98,37.0,30.0,0.0,0.2,10.0,0.0,0.0,55.48449927953891,44.07199927953891,54.75140186157479,0.0,0.0,0.0,0.0,0.0,0.0,0.0
25,"Detroit, MI",DCA LCD,HImin,42.88845201547681,17.961946391015495,-0.0964914770137706,6575,-12.0,0.358974358974359,86.82201804000003,41.042,30.0,0.0,17.15,14.0,2.9990740740740747,0.0,54.88845201547681,42.52947765650245,71.13989435529771,0.0012167300380228,0.0012167300380228,0.0,0.0,0.0,0.0,0.0
26,"Dickinson, ND",DRA LCD,HImin,30.7706621017731,19.66022902356534,-0.464430567586283,6937,-31.0,-21.246913580246915,74.41800000000002,32.0,30.0,0.0,0.55,-7.0,0.2631578947368421,0.0,61.7706621017731,52.017575682020016,72.05358574507032,0.0,0.0,0.0,0.0,0.0,0.0,0.0
27,"Dodge City, KS",DCA LCD,HImin,42.80827300109529,18.585935939662445,-0.0851742716447974,7304,-15.0,-0.5897435897435898,78.57400000000001,41.042,30.0,0.0,19.4,14.0,3.0273214285714287,0.0,57.80827300109529,43.39801659083888,64.49237809441135,0.0,0.0,0.0,0.0,0.0,0.0,0.0
28,"Fargo, ND",FHA LCD,HImin,32.75886825924436,23.02242051441078,-0.4171770930914589,7305,-35.0,-22.57831325301205,85.34401088000007,35.0,30.0,0.0,4.0,-10.0,1.4,0.0,67.75886825924437,55.33718151225641,72.78018814634571,0.0004106776180698,0.0004106776180698,0.0,0.0,0.0,0.0,0.0
29,"Fresno, CA",FYI LCD,HImin,52.72323289441753,11.856234247716156,0.1639650957568785,7305,0.0,28.905405405405407,90.925537,51.87300000000001,37.0,0.05,26.7,35.0,4.439880952380952,0.0,52.72323289441753,23.81782748901212,57.50183124870431,0.0054757015742642,0.0056125941136208,0.0001368925393566,0.0001368925393566,0.0,0.0,0.0
30,"Grand Junction, CO",GJS LCD,HImin,40.11803308256537,17.02238929691412,-0.0927411828181424,7305,-15.0,-3.0384615384615383,84.23966813999999,38.513,30.0,0.0,5.65,13.0,1.85,0.0,55.11803308256537,43.15649462102691,50.02244446870054,0.0001368925393566,0.0001368925393566,0.0,0.0,0.0,0.0,0.0
31,"Havre, MT",HAS LCD,HImin,30.37892639802632,19.250325002438004,-0.7140240256623004,7296,-42.0,-27.9125,71.57900000000001,33.0,30.0,0.0,0.1,-8.0,0.0,0.0,72.37892639802632,58.29142639802632,65.84906441357828,0.0,0.0,0.0,0.0,0.0,0.0,0.0
32,"Helena, MT",HAA LCD,HImin,34.07158299711816,16.671089247051892,-0.5490388776840385,6940,-31.0,-14.532467532467532,71.88000000000001,36.0,30.0,0.0,0.1,3.0,0.0,0.0,65.07158299711816,48.60405052958569,58.632741700493895,0.0,0.0,0.0,0.0,0.0,0.0,0.0
33,"Honolulu, HI",HIA LCD,HImin,72.90157996349625,4.323027480290718,-1.0659728357121836,7305,0.0,59.76167857142857,86.24035206000012,73.47800000000001,75.678,0.0,265.45,65.1518,18.154331083648035,0.0,72.90157996349625,13.139901392067678,68.40984800345089,0.0349075975359342,0.0349075975359342,0.0,0.0,0.0,0.0,0.0
34,"Houston, TX",HWA LCD,HImin,63.06079702782752,14.798314387103645,-0.4468793106733312,7305,0.0,28.78481012658228,93.5691356400002,66.436,76.61800000000001,0.45,146.55,37.714,18.92321067821068,0.25,63.06079702782752,34.27598690124524,75.05966531014808,0.0996577686516084,0.1007529089664613,0.0010951403148528,0.0010951403148528,0.0,0.0,0.0
35,"Idaho Falls, ID",IFA LCD,HImin,31.644328962536022,14.917153778119156,-0.5877933568075585,6940,-29.0,-11.976744186046512,65.49600000000001,34.0,30.0,0.0,0.0,4.0,0.0,0.0,60.64432896253602,43.62107314858254,67.13329931309129,0.0,0.0,0.0,0.0,0.0,0.0,0.0
36,"Indianapolis, IN",IIA LCD,HImin,44.9523921834059,18.79408227730402,-0.2598664582890627,7305,-14.0,-2.935897435897436,86.24035206000012,44.671,30.0,0.0,28.4,14.0,3.816289682539683,0.0,58.9523921834059,47.888289619303336,72.64175213658974,0.001368925393566,0.001368925393566,0.0,0.0,0.0,0.0,0.0
37,"Jacksonville, FL",JIA LCD,HImin,58.87417444079398,14.273531457824753,-0.4688234333125274,7305,0.0,24.33783783783784,83.30487953999965,61.171000000000014,74.41800000000002,0.0,112.9,34.0,15.419101454101456,0.0,58.87417444079398,34.53633660295614,78.59533583857012,0.0035592060232717,0.0035592060232717,0.0,0.0,0.0,0.0,0.0
38,"Klamath Falls, OR",KIA LCD,HImin,33.276457798322205,11.451270589427333,-0.2589549916148276,5841,-20.0,-1.2923076923076924,64.866,33.0,30.0,0.0,0.0,14.0,0.0,0.0,53.276457798322205,34.5687654906299,68.70217242248255,0.0,0.0,0.0,0.0,0.0,0.0,0.0
39,"Las Vegas, NV",MIA LCD,HImin,58.10430830083197,16.509687115681228,0.1269728825375577,7305,0.0,29.069767441860463,91.76821588,56.38600000000001,35.0,0.85,108.8,36.0,19.92434523809524,0.1,58.10430830083197,29.034540858971503,28.162786368913206,0.1233401779603011,0.1249828884325804,0.0016427104722792,0.0016427104722792,0.0,0.0,0.0
40,"Lebanon, NH",LMA LCD,HImin,35.326305099247094,19.054488736940232,-0.4119306051016151,5844,-25.0,-17.433333333333334,74.41800000000002,36.0,28.0,0.0,0.9,1.0,0.4375,0.0,60.32630509924709,52.75963843258043,75.73536367334198,0.0,0.0,0.0,0.0,0.0,0.0,0.0
41,"Los Angeles, CA",LAI LCD,HImin,56.36729897330597,7.415654366794203,-0.2419159169441124,7305,0.0,37.81071428571428,76.054,56.53600000000001,64.236,0.0,6.05,43.731,2.043333333333334,0.0,56.36729897330597,18.55658468759168,72.07399283468597,0.0,0.0,0.0,0.0,0.0,0.0,0.0
42,"Louisville, KY",LIA LCD,HImin,49.67273093912664,18.070752397231328,-0.1871435255394591,7305,-5.0,6.090909090909091,88.5396650400002,49.88,37.0,0.0,57.7,20.0,5.872853674103673,0.0,54.67273093912664,43.58182184821754,68.25530546371577,0.0095824777549623,0.0095824777549623,0.0,0.0,0.0,0.0,0.0
43,"Memphis, TN",MIA LCD,HImin,54.56988191357426,17.534104426654537,-0.1865845043113847,7305,0.0,15.318181818181818,96.8119984,55.40800000000001,37.0,0.35,92.95,27.0,11.47011544011544,0.1,54.56988191357426,39.25170009539245,68.17956624406796,0.0368240930869267,0.0376454483230663,0.0008213552361396,0.0008213552361396,0.0,0.0,0.0
44,MIA second try,,HImin,71.01082617651738,9.849508843770511,-1.0147096593147018,24470,0.0,37.98332000000001,95.5215405000001,73.31800000000001,76.61800000000001,1.6571428571428573,217.6,51.102,16.590027332640247,0.3786764705882353,71.01082617651738,33.02750617651737,73.2323042281396,0.1487127094401307,0.151655087862689,0.0029423784225582,0.0029423784225582,0.0,0.0,0.0
45,"Miles City, MT",MCA LCD,HImin,34.35742385577952,20.09319191398804,-0.4247146363956913,7293,-35.0,-21.49350649350649,79.25818020000007,36.0,30.0,0.0,3.55,-3.0,1.05,0.0,69.35742385577952,55.85093034928601,64.78692069628718,0.0,0.0,0.0,0.0,0.0,0.0,0.0
46,"Milwaukee, WI",MMA LCD,HImin,40.90395262407666,18.716188668610823,-0.2012437209281291,7305,-21.0,-5.548780487804878,84.96747164000018,39.171,30.0,0.0,13.95,9.0,2.5142261904761907,0.0,61.90395262407666,46.452733111881535,72.08938538240345,0.0015058179329226,0.0015058179329226,0.0,0.0,0.0,0.0,0.0
47,"Minneapolis, MN",MIA LCD,HImin,38.630939443498974,21.939857901940112,-0.3147306940912462,7305,-28.0,-14.28,88.06992946000004,38.842,30.0,0.0,16.35,0.0,3.1830952380952384,0.0,66.63093944349897,52.910939443498975,69.9651707396679,0.0027378507871321,0.0027378507871321,0.0,0.0,0.0,0.0,0.0
48,"Moline, IL",MCA LCD,HImin,41.3914423460178,20.01527961966639,-0.2994018161171528,7305,-33.0,-11.1375,87.33650584000004,40.76,30.0,0.0,20.15,6.0,3.330209235209235,0.0,74.3914423460178,52.5289423460178,72.860911569488,0.0017796030116358,0.0017796030116358,0.0,0.0,0.0,0.0,0.0
49,"Montpelier, VT",MPA LCD,HImin,33.704001779846664,19.07026753539947,-0.4071495438912898,7304,-25.0,-16.776315789473685,76.68400000000001,35.0,30.0,0.0,0.6,0.0,0.1,0.0,58.70400177984666,50.48031756932035,78.5391626015953,0.0,0.0,0.0,0.0,0.0,0.0,0.0
50,"Nashville, TN",NIA LCD,HImin,50.532167017492135,17.28426464758735,-0.2071256004988216,7305,0.0,10.545454545454543,85.6946893000001,51.102,37.0,0.0,57.65,23.0,7.641768786768786,0.0,50.532167017492135,39.98671247203759,68.83542624417636,0.0028747433264887,0.0028747433264887,0.0,0.0,0.0,0.0,0.0
51,"New Orleans, LA",NOA LCD,HImin,62.95066168680268,14.761121578246856,-0.426793184418628,7303,0.0,28.823529411764707,95.94218454000006,65.49600000000001,76.61800000000001,0.9,144.8,37.714,21.52523809523809,0.325,62.95066168680268,34.12713227503798,74.58558573578017,0.0943447898124058,0.0963987402437354,0.0020539504313295,0.0020539504313295,0.0,0.0,0.0
52,"Norfolk, VA",NIA LCD,HImin,53.46602990895278,16.50451721891471,-0.0928238597702211,7305,0.0,17.783132530120483,88.5396650400002,53.443000000000005,37.0,0.0,78.25,28.0,7.970557220557221,0.0,53.46602990895278,35.682897378832294,72.55330513294737,0.0146475017111567,0.0146475017111567,0.0,0.0,0.0,0.0,0.0
53,"NYC, NY",CPS LCD,HImin,47.96513941699384,16.91519314297905,-0.0643372046063017,7305,-1.0,8.318181818181818,89.50029189999995,46.918,36.0,0.05,38.55,21.0,4.595373376623376,0.0,48.96513941699384,39.64695759881202,68.67640064155744,0.0069815195071868,0.0069815195071868,0.0,0.0,0.0,0.0,0.0
54,"Oklahoma City, OK",OCT LCD,HImin,51.12899423609712,17.94432232331079,-0.1969032068471397,5478,0.0,9.092307692307692,85.10045536000005,51.6095,37.0,0.0,52.9,22.0,6.877495421245421,0.0,51.12899423609712,42.03668654378943,72.25700420922813,0.0115005476451259,0.0115005476451259,0.0,0.0,0.0,0.0,0.0
55,"Omaha, NE",OEA LCD,HImin,41.97291528380288,20.8421415048716,-0.1881340841200374,7305,-18.0,-7.35064935064935,87.33650584000004,41.089,30.0,0.0,29.4,6.2000000000000455,4.002460317460317,0.0,59.97291528380288,49.32356463445223,70.48845428339061,0.0052019164955509,0.0052019164955509,0.0,0.0,0.0,0.0,0.0
56,"Philadelphia, PA",PIA LCD,HImin,48.3565683789076,17.30585796538494,-0.0196188237468993,7305,0.0,9.302631578947368,91.60597994000013,46.918,32.0,0.15,45.8,21.0,5.520928932178932,0.0,48.3565683789076,39.05393679996023,68.00465734404443,0.0067077344284736,0.0069815195071868,0.0002737850787132,0.0002737850787132,0.0,0.0,0.0
57,"Phoenix, AZ",PAS LCD,HImin,63.390785771391634,15.974870970018332,0.0629146521050975,7305,0.0,34.260533333333335,95.43076872000012,62.02700000000001,37.0,11.0,132.3,39.096,31.45305555555556,2.7695238095238097,63.390785771391634,29.1302524380583,31.71897423038346,0.1911019849418206,0.2135523613963039,0.0224503764544832,0.0224503764544832,0.0,0.0,0.0
58,"Pierre, SD",PRA LCD,HImin,35.81257009106243,20.495426252409203,-0.2563696364158587,7304,-24.0,-13.847058823529412,81.61650366000008,37.0,32.0,0.0,7.3,0.0,2.1,0.0,59.81257009106243,49.65962891459185,70.73992978006146,0.0005476451259583,0.0005476451259583,0.0,0.0,0.0,0.0,0.0
59,"Pierre, SD",PRA LCD,HImin,35.81257009106243,20.495426252409203,-0.2563696364158587,7304,-24.0,-13.847058823529412,81.61650366000008,37.0,32.0,165.95,7.3,0.0,2.1,21.821727577977576,59.81257009106243,49.65962891459185,70.73992978006146,0.0005476451259583,0.0005476451259583,0.0,0.0,0.0,0.0,0.0
60,"Pine Bluff, AK",PBG LCD,HImin,53.56909764038026,16.45301813447064,-0.1855330475773636,5838,0.0,17.625,90.21733358000009,54.43000000000001,36.0,214.55,60.9,27.0,8.797359758297258,22.816271580747685,53.56909764038026,35.944097640380264,75.43518502946007,0.0085645769099006,0.0087358684480986,0.000171291538198,0.000171291538198,0.0,0.0,0.0
61,"Pine Springs, TX",PSG LCD,HImin,49.66715361994784,14.427082202555354,-0.2239511312330315,7024,-3.0,14.153846153846152,86.86389770000004,50.4815,34.0,245.4,18.3,27.0,2.845119047619048,19.02322989510489,52.66715361994784,35.513307466101686,48.3623427145655,0.0005694760820045,0.0005694760820045,0.0,0.0,0.0,0.0,0.0
62,"Pittsburgh, PA",PAA LCD,HImin,43.882053073103926,17.477203126866193,-0.2601055807710573,5841,-9.0,-0.2033898305084746,78.254,43.900000000000006,32.0,165.75,10.25,14.0,3.169791666666667,20.6237463924964,52.882053073103926,44.0854429036124,73.37612900606872,0.0,0.0,0.0,0.0,0.0,0.0,0.0
63,"Portland, OR",PIA LCD,HImin,45.88678672142369,9.75530887913195,-0.015605149178306,7305,0.0,21.64102564102564,75.537,45.0,37.0,275.55,0.25,30.0,0.2,21.11795699806729,45.88678672142369,24.245761080398047,74.59386140702458,0.0,0.0,0.0,0.0,0.0,0.0,0.0
64,"Rapid City, SD",RCA LCD,HImin,34.279152950842125,18.49591750830633,-0.2769471190188172,7303,-22.0,-14.075,75.443,35.0,30.0,154.4,1.05,1.0,0.45,20.6600955988456,56.279152950842125,48.35415295084212,65.54737523474046,0.0,0.0,0.0,0.0,0.0,0.0,0.0
65,"Redding, CA",RAS LCD,HImin,49.94012363241343,12.216495809124204,0.1968797132961814,7305,0.0,25.07317073170732,85.78962358000004,48.836000000000006,37.0,288.1,17.25,32.0,3.5820833333333333,21.762108809877773,49.94012363241343,24.866952900706107,57.87753066719856,0.0041067761806981,0.0041067761806981,0.0,0.0,0.0,0.0,0.0
66,"Rock Springs, WY",RSA LCD,HImin,32.26075786293092,15.85845649077358,-0.2702842060707208,7281,-21.0,-11.297297297297296,69.98100000000001,33.0,30.0,129.75,0.0,5.0,0.0,16.125598845598848,53.26075786293092,43.55805516022822,57.58709699493616,0.0,0.0,0.0,0.0,0.0,0.0,0.0
67,"Sacramento, CA",SAA LCD,HImin,48.528900377620495,9.033926640941177,-0.1348511958767729,7304,0.0,27.26829268292683,81.38535813999997,49.071000000000005,37.0,302.85,1.15,34.0,0.3833333333333333,35.30291292041293,48.528900377620495,21.260607694693665,69.33299798301434,0.0001369112814895,0.0001369112814895,0.0,0.0,0.0,0.0,0.0
68,"Salt Lake City, UT",SLC LCD,HImin,43.04293877943053,16.605116134734597,0.1189398476851754,7305,-5.0,4.6625,80.25083234000004,40.055,32.0,198.25,20.2,18.0,3.647678571428571,20.655054667554666,48.04293877943053,38.38043877943053,54.96945174994942,0.0001368925393566,0.0001368925393566,0.0,0.0,0.0,0.0,0.0
69,"San Antonio, TX",SAK LCD,HImin,60.02119095590992,15.763098449484264,-0.4014506604318894,5462,0.0,24.93055555555556,90.44555676000014,63.44150000000002,76.38300000000001,227.55,95.65,34.0,13.559329906204905,25.47677759332172,60.02119095590992,35.090635400354365,74.64867616681262,0.0439399487367264,0.0441230318564628,0.0001830831197363,0.0001830831197363,0.0,0.0,0.0
70,"San Diego, CA",SDI LCD,HImin,57.83309093993704,7.876099541946601,-0.2466713252227761,7305,0.0,38.21655844155844,81.04730494,58.501000000000005,63.766000000000005,346.2,16.65,44.3666,4.043055555555556,263.8,57.83309093993704,19.6165324983786,70.10658924471704,0.0002737850787132,0.0002737850787132,0.0,0.0,0.0,0.0,0.0
71,"San Jose, CA",SJS LCD,HImin,49.97604462696784,7.661579922877586,-0.2025856066644213,7305,0.0,32.41747572815534,78.57400000000001,50.801,37.0,327.55,0.65,37.714,0.45,58.21124278499279,49.97604462696784,17.558568898812496,68.33285609417057,0.0,0.0,0.0,0.0,0.0,0.0,0.0
72,"Scottsbluff, NE",SBA LCD,HImin,34.99790386195563,17.855199712983847,-0.1949458790024976,7302,-28.0,-12.987179487179487,74.55,35.0,28.0,152.1,0.45,5.0,0.0,21.96238816738817,62.99790386195563,47.98508334913512,64.10501654636218,0.0,0.0,0.0,0.0,0.0,0.0,0.0
73,"Seattle, WA",STA LCD,HImin,45.15079739904176,8.750546207933935,-0.0113400148535694,7305,0.0,22.53846153846154,73.47800000000001,44.389,37.0,276.7,0.1,32.0,0.1,21.261311429583493,45.15079739904176,22.612335860580224,76.45268943076526,0.0,0.0,0.0,0.0,0.0,0.0,0.0
74,"Shreveport, LA",SAS LCD,HImin,56.7253271258152,16.318651153236562,-0.2544593778722214,7305,0.0,21.025,88.5396650400002,58.426,74.41800000000002,290.55,104.2,30.0,13.021087662337663,21.97599519353196,56.7253271258152,35.7003271258152,72.44678723195483,0.0286105407255304,0.0286105407255304,0.0,0.0,0.0,0.0,0.0
75,"Sioux City, IA",SCA LCD,HImin,38.15698884007942,21.03223435007169,-0.2246452851049721,7303,-24.0,-12.544303797468354,83.44808385999995,38.09,30.0,177.4,15.2,2.0,3.1873809523809524,19.90465132090132,62.15698884007942,50.70129263754777,73.5208131850419,0.0009585102012871,0.0009585102012871,0.0,0.0,0.0,0.0,0.0
76,"Spokane, WA",SIA LCD,HImin,38.52570773442848,13.532754942494488,-0.1310394763489133,7305,-20.0,-0.5194805194805194,74.644,38.0,30.0,174.4,0.45,17.0,0.1,18.217643606393608,58.52570773442848,39.045188253909,67.0024634425131,0.0,0.0,0.0,0.0,0.0,0.0,0.0
77,"St Louis, MO",SLA LCD,HImin,48.75852715937578,19.26405732526008,-0.1398503951953536,7305,-7.0,3.144736842105264,91.87880749999998,48.46,30.0,231.1,60.3,17.0,6.1412336274836274,23.341397352647352,55.75852715937578,45.61379031727052,68.76158858818167,0.022861054072553,0.0229979466119096,0.0001368925393566,0.0001368925393566,0.0,0.0,0.0
78,"Tampa, FL",TIA LCD,HImin,66.76080646731555,12.201698395755162,-0.6886410698104296,7305,0.0,34.01185526315789,97.33936660000028,69.40700000000001,76.61800000000001,341.4,165.3,42.61200000000001,22.319360084360085,153.60357142857143,66.76080646731555,32.748951204157656,72.60776040341054,0.1008898015058179,0.10362765229295,0.0027378507871321,0.0027378507871321,0.0,0.0,0.0
79,"Washington, DC",WRA LCD,HImin,50.74278840818618,17.14957241113239,-0.0188645949694104,7305,0.0,13.355263157894736,91.13147396,49.842,34.0,244.2,62.8,25.0,6.468614718614719,21.689989761055937,50.74278840818618,37.387525250291446,66.88131490852761,0.0142368240930869,0.0146475017111567,0.0004106776180698,0.0004106776180698,0.0,0.0,0.0
80,"Wausau, WI",WAS LCD,HImin,34.89106430824078,20.447273558643843,-0.3836747105173685,7293,-25.0,-16.87012987012987,76.9,36.0,32.0,162.95,3.1,-2.0,1.025,19.335692363192365,59.89106430824078,51.76119417837064,74.85628847690727,0.0,0.0,0.0,0.0,0.0,0.0,0.0
81,"Wichita, KS",WMC LCD,HImin,47.74484678517003,19.1371748330495,-0.1562191242394277,5470,-9.0,3.645161290322581,85.56403896000003,47.2,32.0,166.45,40.15,17.0,5.513011814574314,20.60436795639001,56.74484678517003,44.09968549484745,73.06568859682636,0.0067641681901279,0.0067641681901279,0.0,0.0,0.0,0.0,0.0
82,"Winnemucca, NV",WAS LCD,HImin,33.152785812294184,13.71100624259585,-0.175843192131393,7288,-26.0,-7.821917808219178,71.50400000000002,33.0,30.0,126.05,0.2,10.0,0.0,10.563643170554936,59.15278581229418,40.97470362051336,51.55803573482788,0.0,0.0,0.0,0.0,0.0,0.0,0.0
83,"Winslow, AZ",WAS LCD,HImin,40.01817587684528,15.953022324088968,0.06880322986253194,7297,-4.0,5.255813953488372,85.11237333999996,38.0,30.0,174.2,3.25,15.0,1.15,17.653055416805415,44.01817587684528,34.762361923356906,42.532638945633,0.00013704262025489926,0.00013704262025489926,0.0,0.0,0.0,0.0,0.0
